[{"name":"CoryBooker","group":0},{"name":"Rocks","group":1},{"name":"Cialdini","group":2},{"name":"Malick","group":3},{"name":"Giancarlo","group":4},{"name":"ValaAfshar","group":5},{"name":"Shultz","group":6},{"name":"Unknxwn","group":7},{"name":"James","group":8},{"name":"Richard","group":9},{"name":"Austin","group":10},{"name":"Dogg","group":11},{"name":"Frank","group":12},{"name":"Oz","group":13},{"name":"Hurwitz","group":14},{"name":"Leitch","group":15},{"name":"Biden","group":16},{"name":"Chris","group":17},{"name":"Maggie","group":18},{"name":"Scott","group":19},{"name":"Tim","group":20},{"name":"Cheryl","group":21},{"name":"Ferriss","group":22},{"name":"Hall","group":23},{"name":"Fassbender","group":24},{"name":"Michael","group":25},{"name":"Jidenna","group":26},{"name":"Jenerals","group":27},{"name":"Terrence","group":28},{"name":"Sprouse","group":29},{"name":"Gus","group":30},{"name":"Ed","group":31},{"name":"Benioff","group":32},{"name":"Rometty","group":33},{"name":"Rey","group":34},{"name":"Del","group":35},{"name":"Gosling","group":36},{"name":"GOSLING","group":37},{"name":"Mara","group":38},{"name":"Ryan","group":39},{"name":"Zack","group":40},{"name":"CharlizeAfrica","group":41},{"name":"McAvoy","group":42},{"name":"Pierce","group":43},{"name":"Dale","group":44},{"name":"Jill","group":45},{"name":"Randy","group":46},{"name":"Daily","group":47},{"name":"Cerf","group":48},{"name":"SteveCase","group":49},{"name":"Alex","group":50},{"name":"Ginni","group":51},{"name":"Bert","group":52},{"name":"Bob","group":53},{"name":"Tarkovsky","group":54},{"name":"Esposito","group":55},{"name":"Howard","group":56},{"name":"Skeletxn","group":57},{"name":"Franco","group":58},{"name":"Linklater","group":59},{"name":"Hilton","group":60},{"name":"Snoop","group":61},{"name":"Baldwin","group":62},{"name":"Yoda","group":63},{"name":"Justin","group":64},{"name":"David","group":65},{"name":"Joe","group":66},{"name":"Voss","group":67},{"name":"Mae","group":68},{"name":"Ridley","group":69},{"name":"Strayed","group":70},{"name":"Todrick","group":71},{"name":"Cole","group":72},{"name":"Saul","group":73},{"name":"Sheeran","group":74},{"name":"Lana","group":75},{"name":"RYAN","group":76},{"name":"Rooney","group":77},{"name":"Cody","group":78},{"name":"Brosnan","group":79},{"name":"Cooper","group":80},{"name":"JoeBiden","group":81},{"name":"Lawrence","group":82},{"name":"Vint","group":83},{"name":"GaryKnell","group":84},{"name":"Gorsky","group":85}]
